Country,ListYearPerson_2011,ListYearPerson_2021,ListYearPerson_2030,ListYearPerson_2045,ListYearPersonPrevalence_2011,ListYearPersonPrevalence_2021,ListYearPersonPrevalence_2030,ListYearPersonPrevalence_2045,IGT_2011,IGT_2021,IGT_2030,IGT_2045,IGTPrevalence_2011,IGTPrevalence_2021,IGTPrevalence_2030,IGTPrevalence_2045,IFG_2011,IFG_2021,IFG_2030,IFG_2045,IFGPrevalence_2011,IFGPrevalence_2021,IFGPrevalence_2030,IFGPrevalence_2045,Money20-79_2021,Money20-79_2030,Money20-79_2045,PersonMoney_2021,PersonMoney_2030,PersonMoney_2045
Afghanistan,818.3,1606.7,2172.8,3530.7,7.6,10.9,11.0,11.3,819.8,1293.7,1792.2,2886.8,7.2,8.3,8.7,9.0,0,756.1,1048.3,1617.2,0,4.6,4.7,4.7,229.9,306.0,452.8,143.1,190.4,281.8
Albania,64.1,241.1,261.4,258.2,2.8,10.2,10.2,10.9,212.5,160.5,160.3,146.8,9.5,7.3,7.5,7.7,0,45.0,48.5,47.0,0,1.7,2.0,2.1,163.0,179.2,166.1,676.1,743.3,689.1
Algeria,1435.1,2013.0,2527.5,3497.9,7.0,7.1,7.6,8.1,1186.8,1590.6,1964.9,2558.0,5.7,5.2,5.5,5.6,0,2966.9,3610.5,4775.0,0,9.8,10.1,10.4,1736.8,2092.9,2533.0,862.8,1039.7,1258.3
American Samoa,0.0,7.8,8.4,8.9,0.0,20.3,21.7,23.1,0.0,2.6,2.8,2.9,0.0,8.2,7.9,8.2,0,5.3,5.4,5.5,0,13.5,13.2,13.0,0.0,0.0,0.0,0.0,0.0,0.0
Andorra,4.8,8.0,8.7,8.9,5.4,9.7,11.0,11.9,6.0,6.1,6.4,6.5,7.5,8.4,8.4,9.4,0,2.0,2.1,2.0,0,2.8,3.1,3.2,24.6,25.1,23.5,3063.9,3121.4,2927.2
Angola,185.3,584.5,830.4,1453.6,2.9,4.6,4.9,5.0,628.9,1031.7,1498.8,2619.7,9.1,6.9,7.2,7.4,0,1419.6,2039.1,3587.8,0,9.6,10.0,10.1,303.8,427.4,718.1,519.8,731.4,1228.6
Anguilla,185.3,0.0,0.0,0.0,2.9,0.0,0.0,0.0,628.9,0.0,0.0,0.0,9.1,0.0,0.0,0.0,0,0.0,0.0,0.0,0,0.0,0.0,0.0,0.0,0.0,0.0,0.0,0.0,0.0
Antigua and Barbuda,7.3,8.5,10.2,11.7,12.5,11.7,13.2,14.1,6.3,3.9,4.6,5.2,11.0,5.3,5.8,6.2,0,5.0,5.7,6.6,0,9.9,10.5,10.5,8.7,9.7,9.9,1015.8,1129.7,1161.9
Argentina,1531.8,1806.8,2086.0,2552.0,5.5,5.4,6.1,6.4,1699.1,3611.6,4058.9,4751.8,6.2,11.8,12.4,12.7,0,4400.1,4963.9,5826.8,0,9.9,10.3,10.5,2566.4,2860.0,3258.1,1420.4,1582.9,1803.2
Armenia,191.7,133.6,153.6,155.4,8.5,5.6,6.4,6.8,169.4,71.2,75.1,69.4,7.6,3.5,3.9,3.9,0,51.5,56.1,56.9,0,2.3,2.4,2.5,156.8,195.2,174.3,1174.3,1462.5,1305.3
Aruba,11.7,4.1,3.9,3.7,12.4,4.3,4.6,4.6,9.6,5.2,5.6,5.2,10.9,5.3,5.8,6.2,0,8.0,8.6,8.6,0,9.9,10.3,10.5,0.0,0.0,0.0,0.0,0.0,0.0
Australia,1292.1,1491.8,1693.0,1935.2,6.6,6.4,7.4,8.0,1585.8,1904.0,2129.1,2413.8,8.6,8.8,9.7,10.2,0,1071.2,1161.9,1312.8,0,4.5,4.6,4.6,8867.1,9588.0,10405.7,5944.0,6427.3,6975.4
Austria,571.0,447.1,477.6,497.3,6.6,4.6,5.3,5.8,573.9,1387.0,1436.2,1443.8,7.3,16.7,17.9,18.7,0,179.0,184.7,179.5,0,2.2,2.4,2.5,2939.3,3031.0,2894.2,6574.7,6779.7,6473.8
Azerbaijan,167.1,397.1,499.3,573.6,2.8,5.6,6.4,6.8,591.5,236.5,268.9,272.5,9.5,3.5,3.9,4.2,0,166.6,195.2,217.4,0,2.3,2.4,2.5,191.6,247.7,265.8,482.4,623.9,669.3
Bahamas,28.8,25.6,31.2,36.9,12.1,8.8,10.0,10.6,25.2,14.8,18.0,21.2,10.6,5.3,5.8,6.2,0,38.0,44.2,50.4,0,9.9,10.5,10.5,63.8,71.8,77.6,2496.6,2808.8,3037.8
Bahrain,150.8,119.8,156.8,210.2,19.5,11.3,11.9,12.6,140.6,201.9,255.0,321.2,16.3,12.9,13.5,13.7,0,166.4,198.4,230.1,0,8.8,8.9,8.9,158.7,201.7,237.2,1324.9,1683.3,1980.0
Bangladesh,8405.6,13136.3,16822.0,22294.1,10.5,14.2,15.0,15.3,2141.1,5011.4,6395.6,8500.5,2.8,5.5,5.7,5.9,0,17550.3,21403.2,26456.4,0,18.1,18.2,18.3,1005.4,1174.7,1390.0,76.5,89.4,105.8
Barbados,29.1,38.8,42.6,41.6,12.4,14.0,16.1,17.3,24.0,13.5,14.6,14.2,10.9,5.3,5.8,6.2,0,9.4,9.9,9.5,0,4.0,4.3,4.4,43.0,43.6,39.9,1106.4,1122.8,1028.1
Belarus,676.6,483.0,526.6,481.9,8.0,5.6,6.4,6.8,802.0,184.6,179.0,150.0,10.1,3.5,3.9,4.2,0,187.5,192.4,176.3,0,2.3,2.4,2.5,494.3,583.0,498.0,1023.5,1207.3,1031.1
Belgium,514.9,404.9,437.9,442.6,4.8,3.6,4.1,4.4,753.0,1599.3,1667.7,1676.1,7.6,15.8,16.9,17.6,0,484.6,510.8,511.8,0,4.9,5.3,5.5,2604.6,2666.5,2552.6,6433.2,6568.2,6304.9
Belize,24.5,32.2,42.5,58.8,17.0,14.5,15.7,16.4,15.8,10.5,14.1,20.4,10.8,5.0,5.5,5.8,0,19.6,25.5,34.8,0,8.7,9.0,9.1,26.7,32.6,40.5,830.5,1013.2,1259.6
Benin,70.6,50.4,71.5,123.7,2.0,1.1,1.2,1.2,440.1,569.0,741.0,1178.4,11.7,11.3,11.5,11.9,0,291.4,401.5,647.1,0,4.9,4.9,4.8,9.2,12.8,21.4,181.6,253.8,424.5
Bermuda,6.5,6.9,6.8,6.1,12.0,13.0,14.1,14.8,5.3,5.9,5.9,5.3,10.5,11.6,12.5,13.0,0,3.8,3.7,3.4,0,8.1,8.4,8.5,0.0,0.0,0.0,0.0,0.0,0.0
Bhutan,21.5,44.8,59.5,84.2,5.7,10.4,11.2,11.6,11.8,24.9,31.6,41.6,3.0,5.5,5.7,5.9,0,38.8,45.1,54.6,0,7.8,8.2,8.3,8.7,10.7,12.3,194.7,239.4,274.4
Bolivia (Plurinational State of),303.3,395.9,502.4,722.8,6.6,5.5,6.1,6.4,347.2,503.1,615.1,826.2,7.1,7.3,8.0,8.4,0,809.0,1006.3,1358.9,0,9.9,10.3,10.5,355.9,427.3,558.3,898.8,1079.3,1410.2
Bosnia and Herzegovina,264.9,305.9,322.3,295.8,7.5,9.1,10.2,10.9,306.5,200.2,199.5,171.7,9.5,7.3,7.5,7.7,0,58.8,62.2,56.0,0,1.7,2.0,2.1,344.2,370.0,329.4,1125.2,1209.7,1076.7
Botswana,93.9,69.1,95.6,148.5,10.8,5.2,5.9,6.3,84.0,102.8,135.2,190.6,8.8,6.9,7.2,7.4,0,60.9,80.1,114.6,0,4.2,4.4,4.5,149.0,193.0,259.9,2155.3,2792.3,3759.4
Brazil,12440.0,15733.6,19224.1,23223.6,10.1,8.8,10.2,10.9,5354.5,17774.9,20249.9,22468.8,4.3,10.8,11.4,11.7,0,21425.6,24361.5,26930.1,0,9.9,10.3,10.5,42928.5,48308.7,51441.2,2728.5,3070.4,3269.5
British Virgin Islands,1.3,1.9,3.1,3.4,8.6,8.7,14.1,14.8,1.6,2.4,2.7,3.0,10.9,11.6,12.5,13.0,0,1.7,1.8,1.9,0,8.1,8.4,8.5,0.0,0.0,0.0,0.0,0.0,0.0
Brunei Darussalam,19.3,35.0,42.0,47.3,9.4,11.1,11.8,12.0,28.8,49.2,56.9,63.7,11.9,15.5,15.9,16.0,0,7.3,9.3,11.5,0,2.5,2.9,2.9,31.5,34.1,32.8,901.3,975.2,938.7
Bulgaria,531.6,519.3,492.1,436.6,6.7,7.4,8.3,8.7,126.2,88.3,83.3,73.9,1.7,1.4,1.6,1.7,0,147.1,138.3,119.6,0,2.3,2.4,2.5,982.7,915.6,796.3,1892.4,1763.3,1533.5
Burkina Faso,175.1,164.4,230.7,389.5,3.0,2.1,2.2,2.3,662.4,866.9,1165.7,1958.2,10.1,11.3,11.5,11.9,0,410.6,585.6,992.8,0,4.8,4.7,4.7,31.6,43.9,72.7,192.3,267.2,442.2
Burundi,94.2,223.1,355.5,637.8,2.7,6.5,7.3,7.4,326.2,581.7,844.5,1535.4,8.4,19.2,21.2,22.5,0,269.6,431.6,743.8,0,6.7,7.4,7.4,22.9,33.4,55.0,102.5,149.6,246.7
Cabo Verde,13.1,7.3,9.6,12.1,5.4,2.1,2.2,2.3,21.1,35.4,43.4,56.4,8.8,11.3,11.5,11.9,0,19.7,23.2,27.5,0,4.9,4.8,4.8,6.7,8.1,8.4,912.1,1108.9,1143.1
Cambodia,199.4,596.0,776.2,1094.6,2.9,7.3,8.2,8.6,720.2,633.2,774.9,1023.6,9.7,7.3,7.6,7.8,0,200.0,247.0,326.0,0,2.2,2.3,2.4,155.8,200.7,253.9,261.5,336.8,426.0
Cameroon,501.4,620.8,877.2,1484.5,6.1,5.5,5.9,6.0,693.2,1229.0,1609.3,2548.1,8.7,11.3,11.5,11.9,0,680.2,931.7,1469.1,0,4.9,4.8,4.8,177.7,242.2,376.6,286.2,390.1,606.7
Canada,2716.1,2974.0,3288.2,3468.5,8.4,7.7,8.9,9.6,3066.4,3710.1,4040.4,4273.8,10.6,10.9,11.9,12.4,0,2484.0,2625.4,2807.5,0,8.1,8.4,8.5,14284.1,14905.9,15259.4,4802.9,5012.0,5130.8
Cayman Islands,4.4,6.1,7.2,8.8,12.0,13.0,14.1,14.8,3.8,5.3,6.3,7.6,10.5,11.6,12.5,13.0,0,3.7,4.2,4.9,0,8.1,8.4,8.5,0.0,0.0,0.0,0.0,0.0,0.0
Central African Republic,58.2,96.9,130.3,223.9,3.2,5.8,6.2,6.4,226.8,202.5,257.8,403.2,11.3,11.3,11.5,11.9,0,100.8,140.5,221.7,0,4.8,4.7,4.7,25.9,34.8,57.4,267.7,358.7,592.2
Chad,197.1,268.3,382.6,700.1,3.9,5.8,6.2,6.4,464.1,630.9,840.7,1425.6,10.1,11.3,11.5,11.9,0,287.3,409.2,704.8,0,4.8,4.7,4.7,35.9,50.9,89.2,133.6,189.8,332.4
Channel Islands,7.9,10.8,12.0,12.9,4.9,6.3,7.0,7.5,10.3,5.5,5.8,6.2,6.9,3.8,3.8,4.0,0,7.6,8.4,8.8,0,4.9,5.3,5.5,0.0,0.0,0.0,0.0,0.0,0.0
Chile,1190.1,1747.1,1965.2,2215.7,9.5,10.8,11.9,12.6,761.5,1713.6,1850.0,1998.0,6.2,11.8,12.4,12.7,0,2015.8,2160.6,2344.5,0,9.9,10.3,10.5,2767.3,2892.9,2942.9,1583.9,1655.8,1684.5
China,90045.1,140869.6,164069.5,174433.5,8.8,10.6,11.8,12.5,23373.0,169869.6,190686.1,196056.9,2.3,13.4,14.2,14.7,0,26935.0,29517.7,29639.8,0,2.2,2.3,2.4,165304.0,185008.2,193142.7,1173.5,1313.3,1371.1
"China, Hong Kong SAR",525.4,686.0,837.0,831.1,7.6,7.8,9.4,10.4,833.3,945.4,1020.9,963.1,13.3,13.5,14.4,14.7,0,382.0,378.1,338.5,0,6.5,6.4,6.4,0.0,0.0,0.0,0.0,0.0,0.0
"China, Macao SAR",32.7,50.9,69.5,81.3,7.2,7.8,9.4,10.4,58.6,78.8,92.1,99.2,13.0,13.5,14.4,14.7,0,34.3,36.0,37.0,0,6.5,6.4,6.4,0.0,0.0,0.0,0.0,0.0,0.0
Colombia,2609.3,3443.6,4060.3,5014.2,9.8,8.3,8.9,9.9,1633.8,4019.7,4611.5,5295.9,5.9,10.8,11.4,11.7,0,4678.3,5391.2,6235.0,0,9.9,10.3,10.5,6104.8,6795.4,7374.3,1772.8,1973.3,2141.4
Comoros,23.5,34.6,47.8,77.6,8.4,11.7,12.7,13.1,32.9,39.7,52.8,82.6,10.1,12.1,12.5,12.6,0,25.9,38.1,56.1,0,6.9,7.6,7.6,7.1,9.4,14.0,205.6,272.1,403.7
Congo,94.6,151.6,206.4,327.8,5.5,5.5,5.9,6.0,150.6,272.4,353.6,545.2,8.9,11.3,11.5,11.9,0,153.9,206.8,319.0,0,4.9,4.9,4.9,38.1,49.1,75.5,251.4,323.8,498.1
Cook Islands,1.0,0.0,0.0,0.0,8.6,0.0,0.0,0.0,1.4,0.0,0.0,0.0,11.9,0.0,0.0,0.0,0,0.0,0.0,0.0,0,0.0,0.0,0.0,0.0,0.0,0.0,0.0,0.0,0.0
Costa Rica,271.2,361.5,443.1,531.1,9.6,8.8,10.1,10.8,172.8,424.1,491.3,554.2,5.8,10.8,11.4,11.7,0,492.7,578.9,656.1,0,9.9,10.3,10.5,1044.8,1206.5,1276.0,2890.0,3337.1,3529.5
Croatia,218.8,212.7,213.2,193.9,5.2,4.8,5.4,5.9,304.6,244.9,237.6,207.4,7.2,7.3,7.5,7.7,0,72.3,73.7,66.7,0,1.7,1.9,2.1,254.7,246.6,209.4,1197.5,1159.1,984.4
Cuba,939.0,761.3,782.3,750.9,9.4,7.6,7.8,8.0,557.0,1086.3,1111.1,1037.9,6.0,10.8,11.4,11.7,0,1199.1,1225.6,1157.9,0,9.9,10.3,10.5,2373.3,2268.1,2226.6,3117.4,2979.3,2924.7
Curaçao,0.0,20.3,21.6,21.2,0.0,11.7,13.2,14.1,0.0,8.0,8.5,8.3,0.0,5.3,5.8,6.2,0,18.3,19.0,19.3,0,9.9,10.3,10.5,0.0,0.0,0.0,0.0,0.0,0.0
Cyprus,81.8,87.5,99.6,115.8,9.3,8.6,9.4,9.9,53.0,57.4,64.6,73.7,6.1,5.7,6.1,6.4,0,17.8,20.8,24.4,0,1.7,1.9,2.1,224.9,240.1,249.0,2570.8,2745.4,2846.7
Czechia,557.4,791.4,799.2,827.9,5.3,7.1,8.0,8.6,718.5,251.6,249.0,228.1,7.3,3.5,3.9,4.2,0,216.5,217.6,210.1,0,2.2,2.4,2.5,1723.2,1677.1,1622.6,2177.5,2119.2,2050.3
Côte d'Ivoire,406.5,231.2,309.1,497.0,4.9,2.1,2.2,2.3,677.5,1241.8,1582.6,2460.9,8.2,11.3,11.5,11.9,0,649.1,878.8,1391.3,0,4.9,4.9,4.8,89.4,119.9,187.3,386.6,518.7,810.4
Democratic People's Republic of Korea,1507.5,1847.1,2070.6,2295.9,8.4,8.6,9.4,9.9,1798.4,1736.1,1869.5,1991.7,10.4,8.9,9.3,9.5,0,770.6,853.2,941.7,0,3.5,3.7,3.8,0.0,0.0,0.0,0.0,0.0,0.0
Democratic Republic of the Congo,730.7,1908.9,2703.9,4823.0,3.1,5.8,6.2,6.4,2850.7,3864.3,5125.4,8649.7,10.9,11.3,11.5,11.9,0,1897.7,2710.2,4722.1,0,4.8,4.7,4.7,179.2,253.1,434.5,93.9,132.6,227.6
Denmark,299.5,309.4,304.1,313.5,5.6,5.3,5.9,6.3,460.6,617.1,614.7,631.2,9.9,11.9,12.7,13.3,0,259.0,257.0,262.6,0,5.4,5.7,5.9,2426.9,2362.6,2381.7,7844.4,7636.7,7698.3
Djibouti,26.1,53.7,73.4,96.7,6.3,7.4,8.4,8.5,39.3,108.9,136.7,193.3,9.6,16.7,18.4,19.6,0,50.3,66.4,82.5,0,6.9,7.6,7.6,15.5,17.8,20.5,288.2,330.4,382.0
Dominica,3.9,6.3,7.1,7.7,8.9,11.7,13.2,14.1,4.6,2.6,2.9,3.1,10.7,5.0,5.4,5.8,0,6.0,6.5,7.0,0,9.9,10.3,10.5,8.5,9.0,9.3,1334.3,1420.0,1475.4
Dominican Republic,431.6,865.3,1152.9,1466.6,8.1,10.5,12.5,13.2,326.0,767.8,903.9,1082.6,5.9,10.8,11.4,11.7,0,912.8,1092.9,1319.1,0,9.9,10.3,10.5,1289.4,1514.1,1724.9,1490.1,1749.8,1993.5
Ecuador,524.2,526.7,642.1,838.0,6.6,4.4,4.6,4.7,477.1,1208.8,1457.6,1851.5,5.8,10.8,11.4,11.7,0,1255.6,1527.0,2001.4,0,9.9,10.3,10.5,1201.2,1388.5,1657.6,2280.5,2636.0,3146.9
Egypt,7323.4,10930.7,13744.8,19975.3,16.6,20.9,22.6,23.5,3304.7,13023.3,15358.6,21453.2,7.4,22.5,22.1,21.9,0,5365.3,6532.9,9281.1,0,9.8,10.1,10.4,0.0,3317.1,4481.8,0.0,303.5,410.0
El Salvador,293.1,291.5,350.9,449.4,9.4,6.3,6.9,7.2,177.2,453.0,518.6,610.5,5.6,10.8,11.4,11.7,0,495.4,582.9,701.9,0,9.9,10.3,10.5,309.5,356.5,404.9,1061.8,1222.9,1388.9
Equatorial Guinea,14.0,39.4,54.0,94.4,4.2,5.5,5.9,6.0,25.8,74.0,95.0,149.7,7.6,11.3,11.5,11.9,0,46.4,62.8,94.2,0,4.9,4.8,4.8,67.4,93.1,141.1,0.0,0.0,0.0
Eritrea,95.5,94.2,139.0,224.7,3.6,6.5,7.3,7.4,217.7,276.2,364.1,587.2,9.6,19.2,21.2,22.5,0,107.3,163.5,249.6,0,6.7,7.4,7.4,10.4,13.8,20.8,110.6,146.8,221.1
Estonia,90.7,83.9,87.5,83.1,7.0,6.5,7.4,8.0,93.0,87.8,91.0,88.8,7.1,6.8,7.8,8.4,0,25.5,25.5,23.3,0,2.2,2.4,2.5,153.2,151.3,133.9,1826.6,1803.5,1596.6
Eswatini,13.9,21.8,27.8,42.2,3.1,4.6,4.9,5.0,30.4,31.7,39.7,59.2,6.6,6.9,7.2,7.4,0,66.0,82.6,123.5,0,14.4,15.0,15.3,24.8,29.6,39.8,1136.2,1356.9,1826.7
Ethiopia,1377.3,1920.0,2740.8,4755.5,3.4,5.0,5.3,5.4,3266.5,7140.7,10018.1,17391.5,8.9,19.2,21.2,22.5,0,3077.5,4805.4,7625.5,0,6.7,7.4,7.4,200.2,281.2,452.4,104.3,146.4,235.6
Faroe Islands,0.0,1.8,1.9,2.1,0.0,3.8,4.3,4.7,0.0,0.6,0.6,0.6,0.0,1.2,1.3,1.4,0,1.9,2.0,2.0,0,4.8,5.1,5.2,0.0,0.0,0.0,0.0,0.0,0.0
Fiji,55.4,99.2,116.0,139.7,10.9,17.7,19.6,20.7,56.4,41.3,47.0,54.9,11.0,7.4,7.9,8.2,0,79.4,87.1,101.1,0,13.5,13.2,13.0,52.0,59.5,68.3,524.6,600.1,689.0
Finland,340.3,392.9,388.9,379.2,5.8,6.1,7.1,7.7,381.7,474.5,463.6,449.1,6.7,8.1,9.1,9.8,0,198.0,194.1,194.2,0,4.5,4.7,4.7,2166.9,2055.4,1960.8,5514.6,5230.8,4990.0
France,3237.6,3942.9,4184.9,4225.7,5.4,5.3,6.0,6.5,4167.4,4828.6,4949.7,4925.9,7.5,8.4,9.0,9.4,0,2728.6,2825.6,2803.7,0,4.9,5.3,5.5,22711.6,22882.6,22127.0,5760.1,5803.5,5611.9
French Guiana,12.0,0.0,0.0,0.0,9.6,0.0,0.0,0.0,7.8,0.0,0.0,0.0,6.0,0.0,0.0,0.0,0,0.0,0.0,0.0,0,0.0,0.0,0.0,0.0,0.0,0.0,0.0,0.0,0.0
French Polynesia,14.9,52.1,60.0,68.1,8.6,25.2,26.9,28.2,19.0,15.5,17.9,19.7,10.8,7.4,7.9,8.2,0,9.8,10.9,11.8,0,4.5,4.6,4.6,0.0,0.0,0.0,0.0,0.0,0.0
Gabon,68.6,79.0,106.1,157.6,10.3,5.5,5.9,6.0,72.0,125.1,156.1,233.9,10.2,11.3,11.5,11.9,0,78.3,96.9,139.1,0,4.9,4.9,4.8,89.9,112.7,148.1,1137.8,1427.3,1874.5
Gambia,12.3,18.1,25.7,44.8,2.0,1.9,2.0,2.1,95.1,108.5,142.9,235.5,13.3,11.3,11.5,11.9,0,59.8,83.2,137.7,0,4.8,4.7,4.7,2.4,3.4,5.5,132.7,187.2,302.3
Georgia,104.6,190.6,192.1,179.1,2.8,5.7,6.3,6.6,337.1,109.7,103.7,85.0,9.6,3.5,3.9,4.2,0,60.6,61.0,56.3,0,1.8,2.0,2.0,167.2,179.7,163.7,877.1,942.8,858.7
Germany,5022.2,6199.9,6519.7,6094.4,5.3,6.9,7.9,8.4,5527.5,12197.5,12134.5,11255.6,6.1,16.8,17.5,17.9,0,3716.1,3827.1,3573.4,0,4.9,5.3,5.5,41295.8,42364.9,37913.8,6660.7,6833.2,6115.2
Ghana,517.4,329.2,483.9,796.8,5.0,2.6,3.1,3.3,1477.3,1666.8,2085.8,3027.8,12.6,11.3,11.5,11.9,0,881.3,1141.6,1649.0,0,4.9,4.9,4.8,92.0,129.3,209.0,279.4,392.7,635.0
Greece,603.4,736.1,780.8,783.2,5.1,6.4,7.5,8.2,779.9,596.9,590.9,540.6,7.2,7.3,7.5,7.7,0,180.5,189.8,184.6,0,1.7,1.9,2.1,1286.0,1273.4,1164.8,1747.1,1730.1,1582.4
Greenland,0.0,1.8,1.9,1.7,0.0,3.3,3.8,4.1,0.0,4.3,4.5,4.2,0.0,5.4,5.9,6.3,0,2.1,2.1,2.0,0,4.8,5.1,5.2,0.0,0.0,0.0,0.0,0.0,0.0
Grenada,4.8,10.1,11.4,12.9,8.6,12.6,14.2,15.2,6.4,3.9,4.3,4.9,10.9,5.0,5.5,5.8,0,6.5,7.3,8.5,0,9.9,10.3,10.5,10.7,12.3,12.6,1058.0,1215.3,1246.6
Guadeloupe,23.9,0.0,0.0,0.0,6.3,0.0,0.0,0.0,36.7,0.0,0.0,0.0,10.4,0.0,0.0,0.0,0,0.0,0.0,0.0,0,0.0,0.0,0.0,0.0,0.0,0.0,0.0,0.0,0.0
Guam,10.3,23.3,26.6,29.6,8.6,19.1,21.0,22.0,14.9,9.1,10.2,11.2,12.6,7.4,7.9,8.2,0,7.0,7.6,8.1,0,4.5,4.6,4.6,0.0,0.0,0.0,0.0,0.0,0.0
Guatemala,533.3,1149.5,1532.2,2264.7,9.3,13.1,14.1,14.7,321.4,979.6,1299.5,1896.5,5.4,10.8,11.4,11.7,0,924.7,1266.8,1955.8,0,9.9,10.3,10.5,1021.3,1281.7,1667.3,888.5,1115.0,1450.4
Guinea,181.8,103.7,144.9,251.4,4.4,2.1,2.2,2.3,473.5,564.1,747.2,1228.0,10.9,11.3,11.5,11.9,0,275.1,389.7,640.8,0,4.8,4.7,4.7,19.1,27.0,45.0,184.6,260.7,434.1
Guinea-Bissau,19.1,16.8,22.7,36.1,3.0,2.1,2.2,2.3,70.5,89.1,114.1,177.9,10.3,11.3,11.5,11.9,0,45.2,60.3,93.5,0,4.8,4.7,4.7,4.5,6.1,8.9,270.9,362.4,533.2
Guyana,65.6,54.0,63.1,72.4,16.7,11.7,13.2,14.1,43.2,22.9,26.5,30.0,11.0,5.0,5.5,5.8,0,35.0,40.0,47.2,0,9.9,10.3,10.5,37.5,42.0,47.4,693.0,777.6,876.7
Haiti,295.5,548.7,692.4,918.7,6.6,8.9,9.1,9.1,212.3,273.7,345.4,482.1,4.6,4.7,5.2,5.5,0,659.6,859.4,1200.9,0,9.9,10.3,10.5,134.2,162.3,193.6,244.5,295.7,352.9
Holy See,0.0,0.1,0.1,0.1,0.0,7.3,8.1,8.7,0.0,0.1,0.1,0.1,0.0,8.3,8.9,9.3,0,0.0,0.0,0.0,0,2.8,3.0,3.1,0.0,0.0,0.0,0.0,0.0,0.0
Honduras,216.9,268.2,376.5,586.8,6.7,5.1,5.6,5.8,189.2,584.5,767.9,1073.1,5.5,10.8,11.4,11.7,0,901.3,1166.0,1572.8,0,16.1,16.5,16.6,200.9,261.7,352.5,749.1,975.6,1314.4
Hungary,568.4,661.4,660.4,626.3,6.0,7.0,8.0,8.5,679.2,236.8,223.4,190.8,7.3,3.5,3.9,4.2,0,306.9,297.8,270.0,0,3.8,4.0,4.0,969.5,931.1,842.4,1465.9,1407.7,1273.7
Iceland,8.6,20.1,22.9,24.9,3.2,5.5,6.4,6.9,19.2,26.6,29.6,31.9,7.6,5.4,5.9,6.3,0,12.8,13.6,14.5,0,4.8,5.2,5.2,168.5,178.4,180.2,8400.7,8891.7,8982.6
India,61258.4,74194.7,92973.7,124874.7,9.0,9.6,10.4,10.8,20467.5,40143.8,50045.4,65557.3,3.0,5.4,5.6,5.8,0,75123.9,85065.3,95598.7,0,7.8,8.2,8.3,8485.8,10305.5,12834.3,114.4,138.9,173.0
Indonesia,7291.9,19465.1,23328.0,28569.9,5.1,10.6,11.3,11.7,12190.2,29611.9,32245.2,34623.1,8.2,17.6,18.1,18.3,0,4009.1,4749.9,5699.2,0,2.2,2.3,2.4,6302.4,7212.9,8403.9,323.8,370.6,431.7
Iran (Islamic Republic of),4695.0,5450.3,7174.0,9545.7,11.1,9.1,10.0,10.6,2523.4,4663.9,5723.8,6985.4,5.6,8.3,8.7,9.0,0,2402.4,3007.4,3785.6,0,3.7,4.0,4.1,7384.0,9066.8,10024.4,1354.8,1663.5,1839.2
Iraq,1089.0,2011.4,2738.7,4373.8,9.1,10.7,11.6,12.2,945.4,1514.8,2046.2,3118.4,7.5,8.3,8.7,9.0,0,1726.6,2314.4,3519.2,0,7.8,8.1,8.3,1710.5,2194.1,3180.3,850.4,1090.8,1581.1
Ireland,191.4,139.1,160.8,193.0,5.2,3.0,3.6,3.9,254.6,110.0,117.8,131.0,7.2,3.0,3.0,3.1,0,194.4,216.7,242.3,0,4.9,5.3,5.5,1091.0,1170.8,1265.6,7843.3,8416.9,9098.2
Isle of Man,0.0,5.1,5.2,5.5,0.0,6.3,7.0,7.5,0.0,2.6,2.6,2.7,0.0,3.8,3.8,4.0,0,3.6,3.7,3.8,0,4.9,5.3,5.5,0.0,0.0,0.0,0.0,0.0,0.0
Israel,400.3,536.5,617.5,781.3,7.4,8.5,9.8,10.6,388.4,82.6,93.8,111.8,7.6,3.5,3.9,4.2,0,126.9,146.5,182.2,0,2.2,2.4,2.5,2579.0,2912.7,3492.2,4807.4,5429.4,6509.6
Italy,3560.4,4470.3,4699.1,4595.4,5.1,6.4,7.4,8.0,4342.6,4907.3,4964.4,4733.2,7.3,8.4,9.0,9.4,0,1625.3,1630.3,1462.4,0,2.8,3.1,3.2,14666.2,14557.2,13142.5,3280.8,3256.4,2939.9
Jamaica,258.5,231.1,273.1,325.2,15.7,11.1,12.6,13.3,177.8,101.0,116.1,134.0,10.8,5.0,5.5,5.8,0,211.1,241.4,278.9,0,9.9,10.3,10.5,204.5,230.2,250.7,884.9,996.2,1085.0
Japan,10674.3,11005.0,10542.7,10117.9,7.7,6.6,7.7,8.3,13638.2,12043.0,11404.2,10446.2,11.5,9.4,10.4,10.9,0,5567.9,5174.3,4557.6,0,4.5,4.6,4.6,35648.5,32889.7,29427.4,3239.3,2988.6,2674.0
Jordan,291.6,866.5,1099.5,1629.1,12.1,15.4,17.1,18.0,220.7,459.3,565.6,798.9,8.3,7.2,7.2,8.0,0,655.1,778.1,1050.8,0,9.8,10.1,10.4,849.8,942.4,1234.2,980.7,1087.6,1424.4
Kazakhstan,801.2,807.7,930.1,1051.0,7.7,6.6,7.3,7.7,1020.8,443.5,538.4,641.5,9.7,3.3,3.7,4.0,0,481.7,543.5,579.1,0,4.3,4.6,4.8,617.2,735.8,772.7,764.2,911.0,956.6
Kenya,769.3,821.5,1239.9,1964.9,5.1,4.0,4.0,3.9,1818.4,3200.8,4620.9,7724.1,10.6,16.7,18.4,19.6,0,986.9,1383.8,2253.0,0,5.0,5.0,5.1,368.6,496.1,750.2,448.6,603.9,913.2
Kiribati,15.0,14.1,18.1,25.2,25.3,22.1,23.5,24.1,5.2,4.5,5.6,7.5,8.8,7.4,7.9,8.2,0,9.5,11.4,15.2,0,13.6,13.3,13.3,7.0,8.6,11.1,493.8,605.9,781.7
Kuwait,298.0,803.4,1051.4,1267.4,20.7,24.9,28.1,29.8,293.6,581.7,700.2,823.8,17.9,19.2,20.2,20.7,0,460.5,492.5,513.0,0,13.0,13.1,13.0,1465.0,1685.5,1757.5,1823.6,2098.1,2187.7
Kyrgyzstan,154.2,256.4,311.7,395.4,6.3,6.6,7.3,7.7,147.3,116.9,151.0,206.5,5.9,3.3,3.7,4.0,0,189.5,219.7,253.0,0,4.3,4.6,4.8,59.2,74.7,88.3,231.0,291.4,344.3
Lao People's Democratic Republic,90.1,214.8,289.7,432.7,3.3,6.2,7.1,7.5,292.2,346.7,432.8,578.2,9.5,8.9,9.3,9.5,0,83.6,101.4,131.4,0,2.1,2.1,2.2,43.6,56.2,74.5,202.9,261.5,346.7
Latvia,166.3,115.8,111.4,94.6,7.8,5.9,6.6,7.1,192.1,49.8,46.4,36.2,9.9,3.5,3.9,4.2,0,36.7,34.7,29.2,0,2.2,2.4,2.5,154.6,143.9,117.3,1335.0,1242.7,1012.9
Lebanon,527.9,396.1,469.0,593.6,19.6,8.0,9.2,10.0,206.2,327.2,333.9,365.7,7.5,10.0,10.3,10.4,0,523.7,542.4,611.8,0,9.8,10.1,10.4,764.7,807.3,921.5,1930.8,2038.2,2326.6
Lesotho,29.1,48.4,57.8,74.8,3.4,4.6,4.9,5.0,59.2,69.7,82.8,109.1,7.0,6.9,7.2,7.4,0,96.3,114.5,150.3,0,9.6,10.0,10.1,23.0,27.0,32.8,474.9,558.1,678.5
Liberia,51.0,47.1,63.2,98.5,3.3,2.1,2.2,2.3,210.5,247.3,319.0,490.4,12.2,11.3,11.5,11.9,0,124.5,169.3,260.5,0,4.8,4.7,4.7,10.9,14.2,21.6,231.2,302.0,458.5
Libya,436.4,399.2,513.6,673.3,13.8,8.7,9.3,9.7,255.4,343.5,409.5,486.2,7.4,10.0,10.3,10.4,0,487.7,599.2,759.0,0,9.8,10.1,10.4,0.0,0.0,0.0,0.0,0.0,0.0
Liechtenstein,1.8,2.5,2.6,2.6,4.7,6.1,6.9,7.4,2.3,5.5,5.8,5.8,6.7,15.8,16.9,17.8,0,0.7,0.8,0.8,0,2.2,2.4,2.5,0.0,0.0,0.0,0.0,0.0,0.0
Lithuania,235.9,186.9,188.3,154.4,7.8,5.8,6.7,7.4,274.6,73.2,67.2,49.0,9.9,3.5,4.0,4.2,0,53.4,50.2,41.4,0,2.2,2.4,2.5,250.9,241.8,190.5,1342.5,1293.7,1019.6
Luxembourg,21.1,34.6,39.8,48.1,4.5,5.9,6.6,7.3,33.0,84.4,95.3,108.5,7.5,15.8,16.9,17.7,0,25.8,29.4,33.3,0,4.9,5.3,5.5,283.8,321.5,350.5,8192.5,9280.5,10116.6
Madagascar,428.0,535.8,742.1,1202.8,4.7,4.6,4.9,5.0,930.8,936.2,1329.6,2215.3,10.4,7.9,8.3,8.5,0,1118.9,1563.2,2560.4,0,9.4,9.7,9.9,52.8,72.7,114.3,98.5,135.6,213.3
Malawi,352.3,486.0,699.2,1184.5,5.6,7.3,7.4,7.4,552.8,472.5,682.1,1188.8,9.3,7.9,8.3,8.5,0,382.8,544.8,933.8,0,6.0,6.3,6.5,73.2,100.9,161.9,150.7,207.6,333.1
Malaysia,2029.9,4431.5,5024.9,6465.4,12.1,19.0,18.9,19.6,3160.8,3508.8,4111.2,4899.1,18.4,15.5,15.8,16.0,0,494.9,599.7,744.7,0,2.2,2.3,2.4,4833.5,5653.4,6317.4,1090.7,1275.7,1425.6
Maldives,15.2,27.0,35.6,51.0,9.2,9.2,10.0,10.4,8.5,43.6,46.9,56.8,4.8,12.4,12.4,12.4,0,28.6,30.8,38.4,0,7.8,8.2,8.3,50.5,56.0,57.7,1867.4,2071.4,2132.9
Mali,99.8,152.5,213.4,366.2,1.9,2.1,2.2,2.3,654.1,813.2,1096.8,1878.3,11.1,11.3,11.5,11.9,0,410.5,596.5,1039.4,0,4.8,4.7,4.7,28.9,40.0,67.7,189.6,262.4,444.3
Malta,30.1,37.8,36.3,36.2,6.6,8.0,8.7,9.4,26.9,35.1,34.9,34.0,6.7,8.4,9.0,9.4,0,11.3,11.4,11.2,0,2.8,3.1,3.2,107.1,104.2,97.0,2837.6,2758.9,2569.1
Marshall Islands,7.0,9.1,10.7,13.1,21.8,23.0,24.8,26.0,3.0,2.7,3.2,3.8,9.2,7.4,7.9,8.2,0,5.5,6.3,7.4,0,13.5,13.2,13.0,13.6,15.5,18.1,1493.9,1699.5,1979.2
Martinique,43.0,0.0,0.0,0.0,12.1,0.0,0.0,0.0,34.9,0.0,0.0,0.0,10.5,0.0,0.0,0.0,0,0.0,0.0,0.0,0,0.0,0.0,0.0,0.0,0.0,0.0,0.0,0.0,0.0
Mauritania,60.6,45.0,62.0,96.5,4.3,2.1,2.2,2.3,184.8,233.3,304.4,473.7,11.6,12.4,11.5,11.9,0,124.6,169.8,264.7,0,4.9,4.9,4.8,12.8,17.4,25.7,284.5,386.4,571.8
Mauritius,138.2,250.4,275.3,278.2,14.8,22.6,25.2,26.6,95.3,116.4,119.6,115.5,10.3,12.4,12.4,12.4,0,83.1,86.5,81.6,0,7.8,8.2,8.3,147.3,148.7,140.8,588.4,593.9,562.4
Mayotte,0.0,5.7,7.8,12.4,0.0,4.6,4.9,5.0,0.0,16.5,22.0,36.1,0.0,13.9,14.4,14.5,0,8.9,13.7,20.6,0,6.7,7.4,7.4,0.0,0.0,0.0,0.0,0.0,0.0
Mexico,10293.7,14123.2,17062.7,21181.9,15.6,16.9,18.3,18.9,7071.9,10655.2,12763.5,15770.2,10.6,12.4,13.3,13.9,0,7536.3,8832.3,10476.9,0,8.7,9.0,9.1,19946.8,22549.9,25490.3,1412.3,1596.7,1804.9
Micronesia (Federated States of),7.7,8.7,10.3,13.2,15.7,15.6,16.9,17.4,4.4,4.6,5.4,6.7,8.5,7.4,7.9,8.2,0,8.2,9.3,11.0,0,13.5,13.2,13.0,8.7,10.3,12.1,1000.7,1180.5,1397.9
Monaco,2.1,2.7,3.0,3.1,5.6,6.2,7.3,7.9,2.6,3.0,3.2,3.4,7.6,8.3,8.9,9.3,0,1.0,1.1,1.1,0,2.8,3.0,3.1,9.1,9.7,9.7,3416.9,3634.8,3622.9
Mongolia,117.5,150.8,174.8,210.6,7.1,6.9,7.0,7.0,137.0,193.5,225.1,305.0,8.5,9.5,9.7,10.0,0,44.7,53.9,68.3,0,2.2,2.3,2.4,88.1,96.4,106.2,584.0,639.0,704.0
Montenegro,41.9,54.7,58.5,58.5,7.7,9.1,10.2,10.9,48.9,35.0,35.7,33.9,9.7,7.3,7.5,7.7,0,10.0,10.8,10.6,0,1.7,2.0,2.1,0.0,0.0,0.0,0.0,0.0,0.0
Morocco,1267.9,2327.7,2875.5,3574.7,6.8,9.1,9.8,10.2,1408.3,2190.5,2465.8,2773.1,7.4,10.0,10.3,10.4,0,2540.1,3048.5,3724.3,0,9.8,10.1,10.4,1102.7,1327.4,1513.6,473.7,570.3,650.2
Mozambique,294.7,349.3,512.4,956.7,3.1,3.3,3.4,3.4,1125.8,943.9,1357.3,2384.0,11.4,7.9,8.3,8.5,0,1110.1,1573.7,2744.7,0,9.4,9.7,9.9,79.2,114.4,201.0,226.7,327.4,575.3
Myanmar,2103.7,2346.6,2791.4,3437.9,7.1,7.1,7.7,8.0,2635.7,3003.5,3503.2,4082.2,8.7,8.9,9.3,9.5,0,755.2,888.0,1043.6,0,2.2,2.3,2.4,394.5,457.3,554.3,168.1,194.9,236.2
Namibia,74.1,75.0,102.5,166.4,7.8,6.7,7.3,7.9,78.4,90.7,118.7,177.4,7.6,6.9,7.2,7.4,0,72.5,97.5,148.0,0,5.8,6.1,6.2,159.1,211.2,299.5,2120.9,2815.9,3991.9
Nauru,1.2,1.5,1.7,1.8,20.4,23.4,25.0,26.2,0.6,0.5,0.5,0.6,9.6,7.6,8.3,8.6,0,0.4,0.4,0.5,0,6.5,6.4,6.4,1.6,1.7,1.6,1051.5,1066.5,1046.8
Nepal,488.2,1133.5,1553.4,2180.1,3.6,8.7,9.2,9.4,316.0,709.5,963.6,1404.7,2.2,5.4,5.8,6.0,0,1656.7,2031.4,2367.8,0,7.8,8.2,8.3,115.8,150.6,190.5,102.2,132.9,168.1
Netherlands,881.6,857.0,910.4,894.7,5.3,4.5,5.3,5.8,1143.3,2478.6,2515.9,2442.5,7.5,15.8,16.9,17.7,0,749.8,769.4,743.2,0,4.9,5.3,5.5,5523.1,5481.1,5129.2,6444.9,6395.9,5985.3
Netherlands Antilles,20.6,0.0,0.0,0.0,12.0,0.0,0.0,0.0,17.2,0.0,0.0,0.0,10.5,0.0,0.0,0.0,0,0.0,0.0,0.0,0,0.0,0.0,0.0,0.0,0.0,0.0,0.0,0.0,0.0
New Caledonia,14.6,49.8,57.2,67.7,8.6,23.4,25.0,26.2,18.7,16.0,18.5,21.5,11.1,7.4,7.9,8.2,0,10.7,12.2,13.8,0,4.5,4.6,4.6,0.0,0.0,0.0,0.0,0.0,0.0
New Zealand,312.1,268.7,296.8,319.6,8.6,6.2,7.0,7.5,419.1,366.2,401.2,429.6,12.3,8.8,9.7,10.2,0,201.5,213.9,228.0,0,4.5,4.6,4.6,1066.2,1101.2,1116.7,3967.5,4098.1,4155.6
Nicaragua,282.8,365.8,485.0,690.6,11.0,9.3,10.2,10.6,324.7,470.4,587.1,763.8,11.3,12.1,12.6,12.9,0,486.7,603.1,783.4,0,12.5,13.1,13.3,210.9,259.1,315.7,576.5,708.5,863.2
Niger,283.9,423.1,635.4,1232.2,4.2,5.2,5.1,5.0,533.5,897.9,1213.5,2228.3,8.9,11.3,11.5,11.9,0,603.2,892.5,1725.0,0,7.5,7.3,7.1,60.1,89.9,174.5,142.0,212.6,412.4
Nigeria,3054.5,3623.5,4941.6,7988.3,4.8,3.6,3.7,3.7,5175.1,9418.3,11982.9,18795.9,8.2,11.3,11.5,11.9,0,4929.0,6724.3,10803.0,0,4.9,4.9,4.8,1810.6,2472.3,3869.1,499.7,682.3,1067.8
Niue,0.1,0.0,0.0,0.0,9.8,0.0,0.0,0.0,0.1,0.0,0.0,0.0,8.7,0.0,0.0,0.0,0,0.0,0.0,0.0,0,0.0,0.0,0.0,0.0,0.0,0.0,0.0,0.0,0.0
North Macedonia,134.9,116.1,124.5,122.3,7.7,6.1,7.0,7.6,158.3,120.9,122.7,116.2,9.6,7.3,7.5,7.7,0,33.7,36.8,37.6,0,1.7,2.0,2.1,113.9,125.0,118.8,980.5,1076.6,1022.7
Northern Mariana Islands,0.0,8.3,9.2,10.1,0.0,23.4,25.0,26.2,0.0,2.7,3.0,3.3,0.0,7.4,7.9,8.2,0,2.2,2.4,2.5,0,4.5,4.6,4.6,0.0,0.0,0.0,0.0,0.0,0.0
Norway,202.1,190.7,205.2,232.0,4.7,3.6,4.1,4.4,312.8,404.0,447.6,517.3,7.4,5.4,5.9,6.3,0,213.7,228.6,249.5,0,4.8,5.2,5.2,2129.7,2230.4,2398.1,11166.4,11694.3,12573.7
Oman,138.4,445.6,639.9,897.0,10.5,13.8,15.0,15.4,148.8,218.4,278.1,358.2,9.6,6.9,7.1,7.2,0,195.6,233.8,278.7,0,4.8,5.0,5.0,376.6,498.7,581.7,845.2,1119.4,1305.5
Pakistan,6349.2,32964.5,42850.7,62018.5,7.9,30.8,32.8,33.6,7198.0,10573.3,13358.8,18727.9,8.5,9.4,9.9,10.2,0,2412.4,3007.5,4215.4,0,2.1,2.1,2.1,2639.9,3271.9,4354.5,80.1,99.3,132.1
Palau,1.4,1.9,2.0,2.1,11.1,17.0,18.2,19.1,1.1,0.8,0.9,0.9,9.4,7.4,7.9,8.2,0,0.6,0.7,0.7,0,4.5,4.6,4.6,3.8,3.9,3.8,2012.5,2054.2,1986.7
Panama,196.2,236.0,290.9,369.6,9.4,8.2,8.9,9.3,128.5,329.6,395.4,487.2,6.0,11.8,12.4,12.7,0,334.2,409.9,524.5,0,9.9,10.3,10.5,344.6,398.8,456.5,1460.5,1689.9,1934.7
Papua New Guinea,216.8,724.0,901.4,1229.7,7.6,16.7,16.7,16.8,262.7,322.2,410.6,577.0,8.3,7.4,7.9,8.2,0,980.9,1216.0,1621.5,0,20.5,20.2,20.1,121.6,146.2,191.6,167.9,201.9,264.7
Paraguay,205.0,274.6,333.4,447.1,6.5,7.5,8.3,8.8,190.4,454.9,551.5,709.3,5.8,10.8,11.4,11.7,0,471.2,580.6,772.4,0,9.9,10.3,10.5,365.5,443.1,527.0,1331.3,1613.8,1919.4
Peru,942.2,1300.7,1587.9,1970.6,6.0,4.8,5.3,5.5,988.5,2516.7,2928.1,3503.8,6.0,10.8,11.4,11.7,0,2898.2,3366.9,4047.3,0,9.9,10.3,10.5,1731.8,1988.8,2218.8,1331.5,1529.0,1705.9
Philippines,4219.7,4303.9,5456.3,7503.9,9.7,7.1,7.8,8.2,6411.1,4195.8,5222.3,6960.2,14.3,6.7,7.2,7.4,0,1466.1,1802.5,2350.3,0,2.3,2.5,2.5,1940.3,2349.5,3023.9,450.8,545.9,702.6
Poland,3057.5,2677.0,2810.9,2751.6,9.0,6.8,7.8,8.5,5223.9,2446.4,2416.9,2393.7,16.4,6.8,7.4,7.7,0,747.7,757.9,700.8,0,2.2,2.4,2.5,2661.7,2637.2,2341.0,994.3,985.1,874.5
Portugal,1021.4,994.1,1012.8,970.7,9.6,9.1,10.3,11.0,1113.8,1064.9,1069.5,1011.6,11.2,10.5,11.4,12.1,0,270.8,269.6,242.8,0,2.8,3.1,3.2,2279.7,2201.9,1959.2,2293.3,2215.0,1970.9
Puerto Rico,388.5,413.4,429.7,392.1,13.0,13.3,15.0,15.9,178.0,285.0,296.2,263.5,6.3,11.8,12.4,12.7,0,335.3,351.4,314.3,0,9.9,10.3,10.5,0.0,0.0,0.0,0.0,0.0,0.0
Qatar,216.9,394.9,556.1,795.5,19.8,19.5,21.7,22.8,212.9,360.6,452.2,578.6,16.6,12.9,13.5,13.8,0,313.7,369.8,423.3,0,8.8,8.9,8.9,796.7,1015.2,1215.3,2017.2,2570.6,3077.2
Réunion,92.6,0.0,0.0,0.0,16.0,0.0,0.0,0.0,61.3,0.0,0.0,0.0,10.6,0.0,0.0,0.0,0,0.0,0.0,0.0,0,0.0,0.0,0.0,0.0,0.0,0.0,0.0,0.0,0.0
Republic of Korea,3186.4,3511.8,3934.2,3860.9,7.5,6.8,7.2,7.8,4869.3,6082.4,6504.6,6031.3,12.2,11.5,12.4,12.8,0,2343.5,2326.1,2046.5,0,4.5,4.6,4.6,8971.2,9182.8,7807.8,2554.6,2614.8,2223.3
Republic of Moldova,80.0,207.3,227.5,223.5,2.7,5.6,6.4,6.8,266.1,142.5,146.2,136.0,9.5,3.5,3.9,4.2,0,77.4,81.8,78.4,0,2.3,2.4,2.5,101.9,120.0,102.9,491.7,579.0,496.3
Romania,1506.3,1199.0,1203.3,1128.5,7.7,6.5,7.1,7.5,1750.4,635.0,621.5,512.9,9.6,3.5,3.9,4.2,0,381.8,377.8,341.4,0,2.2,2.4,2.5,1115.3,1069.9,944.1,930.2,892.3,787.4
Russian Federation,12593.2,7392.1,7899.5,7332.2,9.7,5.6,6.4,6.8,11989.8,3124.3,3086.0,2617.8,10.0,3.5,3.9,4.2,0,2823.9,2866.2,2660.7,0,2.3,2.4,2.5,12860.9,14581.7,12559.3,1739.8,1972.6,1699.0
Rwanda,126.2,297.0,444.7,720.2,3.1,6.5,7.3,7.4,420.7,777.8,1084.0,1810.7,9.2,19.2,21.1,22.5,0,340.9,514.0,790.9,0,6.7,7.4,7.4,68.5,90.3,133.9,230.7,304.0,450.8
Saint Kitts and Nevis,2.9,6.4,7.3,8.2,8.5,16.1,18.2,19.8,3.7,2.0,2.3,2.5,11.0,5.3,5.8,6.2,0,2.8,3.2,3.6,0,9.9,10.3,10.5,6.7,7.4,7.6,1055.7,1153.3,1188.0
Saint Lucia,8.6,15.9,18.9,22.1,8.4,11.7,13.2,14.1,11.6,6.7,7.8,8.9,11.0,5.0,5.5,5.8,0,8.8,10.1,11.5,0,9.9,10.3,10.5,14.4,15.9,17.1,905.0,1001.6,1077.1
Saint Vincent and the Grenadines,5.8,6.5,7.3,7.9,8.8,8.0,8.8,9.2,7.3,4.0,4.6,5.0,10.9,5.0,5.5,5.8,0,2.2,2.5,2.6,0,2.6,2.9,3.1,5.9,6.5,6.8,902.9,995.2,1039.4
Samoa,6.6,7.7,9.3,11.7,7.7,9.2,10.4,10.9,5.9,6.7,7.9,10.0,6.6,7.1,7.6,7.9,0,12.1,14.0,17.7,0,13.5,13.2,13.0,4.3,4.8,6.3,558.1,630.6,817.9
San Marino,1.8,2.7,2.9,3.0,5.5,7.4,8.2,8.9,2.2,2.7,2.8,2.9,7.6,8.4,9.0,9.4,0,0.9,0.9,0.9,0,2.8,3.1,3.2,10.5,10.8,10.1,3852.2,3951.2,3707.9
Sao Tome and Principe,3.6,6.1,8.2,12.9,5.5,5.5,5.9,6.0,5.7,10.6,13.6,20.7,8.9,11.3,11.5,11.9,0,6.1,8.3,12.4,0,4.9,4.9,4.8,4.0,5.2,7.6,664.4,850.6,1261.0
Saudi Arabia,2759.6,4274.1,5631.0,7537.3,19.6,18.7,20.4,21.4,177.4,3830.0,4819.4,6319.2,1.3,12.9,13.5,13.7,0,3003.4,3524.6,4073.8,0,8.8,8.9,8.9,7459.5,9041.3,10045.2,1745.3,2115.4,2350.3
Senegal,146.5,189.4,276.4,494.0,3.2,3.1,3.5,3.7,603.4,769.3,1008.9,1631.3,11.7,11.3,11.5,11.9,0,150.4,208.5,349.2,0,2.0,2.1,2.2,56.8,79.2,131.4,299.7,418.4,694.0
Serbia,671.0,796.8,801.1,773.2,7.7,9.1,10.2,10.9,771.5,515.8,499.5,447.1,9.6,7.3,7.5,7.7,0,151.0,151.5,144.3,0,1.7,2.0,2.1,1134.9,1137.2,1044.9,1424.4,1427.3,1311.5
Seychelles,3.5,6.6,7.5,7.6,12.1,8.5,9.1,9.5,2.9,6.6,6.9,6.7,9.1,8.5,8.8,8.9,0,3.3,3.8,4.0,0,4.9,5.4,5.4,6.2,6.7,6.2,940.7,1007.5,927.2
Sierra Leone,72.1,70.6,93.7,144.5,3.2,2.1,2.2,2.3,284.2,372.2,468.4,705.8,11.2,11.3,11.5,11.9,0,184.8,245.1,366.3,0,4.8,4.7,4.7,29.8,38.6,56.1,422.2,546.2,795.1
Singapore,426.7,711.8,872.3,898.9,9.5,11.6,13.3,14.3,524.4,726.4,815.0,799.5,12.4,13.5,14.4,14.8,0,308.0,316.4,295.1,0,6.5,6.4,6.4,1769.6,1894.8,1708.4,2486.1,2662.1,2400.1
Slovakia,275.5,349.7,382.2,395.8,5.7,5.8,6.9,7.7,335.7,179.2,183.6,162.4,7.1,3.5,3.9,4.2,0,108.9,111.9,105.0,0,2.2,2.4,2.5,543.5,564.4,533.3,1554.2,1614.1,1525.1
Slovenia,160.4,137.8,146.3,138.1,7.5,5.8,6.8,7.3,138.5,124.4,124.4,114.0,7.1,7.3,7.5,7.7,0,37.1,39.3,36.8,0,1.7,1.9,2.1,343.9,344.4,301.2,2496.1,2499.8,2186.6
Solomon Islands,34.5,53.3,71.0,110.4,15.3,19.8,21.4,22.3,20.2,22.5,29.4,44.3,8.4,7.4,7.9,8.2,0,39.8,51.2,76.7,0,12.2,12.3,12.3,13.1,16.7,25.0,245.2,313.0,469.8
Somalia,185.1,376.0,576.3,1018.1,4.3,6.5,7.3,7.4,438.3,1099.1,1542.9,2658.1,11.2,19.2,21.2,22.5,0,445.1,713.6,1212.8,0,6.7,7.4,7.4,0.0,0.0,0.0,0.0,0.0,0.0
South Africa,1946.6,4234.0,5445.2,7464.0,7.0,10.8,12.2,13.0,2113.1,3009.6,3764.1,4952.4,7.8,7.6,8.2,8.5,0,13263.0,15832.0,19832.8,0,32.2,33.0,33.3,7200.8,8632.2,10417.4,1700.7,2038.8,2460.4
South Sudan,0.0,246.2,361.8,590.6,0.0,6.5,7.3,7.4,0.0,664.0,888.4,1478.1,0.0,19.2,21.2,21.5,0,286.9,430.4,673.2,0,6.7,7.4,7.4,0.0,0.0,0.0,0.0,0.0,0.0
Spain,2840.1,5141.3,5576.0,5647.6,6.3,10.3,11.8,12.7,2747.0,2600.8,2684.5,2657.9,6.8,6.2,6.5,6.8,0,1231.4,1280.1,1170.4,0,2.8,3.1,3.2,15453.6,15625.3,14169.2,3005.8,3039.2,2756.0
Sri Lanka,1079.8,1417.6,1559.5,1749.1,7.5,11.3,12.1,12.6,767.3,833.2,891.2,926.0,5.4,5.7,5.9,6.0,0,694.8,744.8,786.7,0,4.8,5.1,5.3,285.8,302.4,344.6,201.6,213.3,243.1
State of Palestine,124.5,183.0,262.2,445.3,9.2,9.2,10.2,10.6,77.4,112.4,157.3,254.2,5.3,5.7,6.1,6.2,0,280.5,383.8,589.5,0,8.8,8.9,8.9,0.0,0.0,0.0,0.0,0.0,0.0
Sudan,1666.6,3526.6,4734.1,7424.7,8.6,18.9,20.1,20.7,2086.6,2485.9,3333.6,5214.2,10.3,13.2,13.9,14.2,0,1599.0,2135.6,3284.0,0,8.2,8.5,8.7,541.1,710.4,1082.0,153.4,201.5,306.8
Suriname,28.5,49.7,58.4,68.6,8.9,12.7,14.0,14.6,34.5,47.5,55.2,64.8,10.7,12.4,13.3,13.9,0,33.8,38.0,43.2,0,8.7,9.0,9.1,63.5,70.1,80.1,1277.9,1411.4,1611.9
Sweden,386.4,496.2,498.9,541.1,4.2,5.0,5.6,6.0,422.3,812.9,837.7,924.0,5.3,5.4,5.9,6.3,0,389.1,401.1,422.8,0,4.8,5.2,5.2,3808.5,3791.8,3960.2,7674.7,7641.1,7980.3
Switzerland,423.8,389.0,419.1,445.4,5.9,4.6,5.1,5.4,523.9,1249.7,1322.0,1390.6,7.4,15.8,16.9,17.7,0,379.2,406.4,424.0,0,4.9,5.3,5.5,4990.4,5146.0,5092.8,12828.4,13228.3,13091.7
Syrian Arab Republic,889.5,1484.2,2596.0,3760.1,9.9,14.9,15.9,16.4,718.3,826.8,1372.3,1914.5,7.4,8.3,8.7,9.0,0,537.0,867.2,1214.9,0,5.1,5.3,5.3,0.0,0.0,0.0,0.0,0.0,0.0
Taiwan,1664.5,2457.2,2979.4,3030.7,8.3,9.7,11.5,12.6,2015.7,2765.6,2977.8,2794.2,10.6,11.5,12.4,12.8,0,1071.6,1077.2,964.8,0,4.5,4.6,4.6,0.0,0.0,0.0,0.0,0.0,0.0
Tajikistan,155.5,327.6,423.8,600.7,6.3,6.6,7.3,7.7,152.4,133.5,183.3,282.7,6.0,3.3,3.7,4.0,0,268.8,330.1,430.6,0,4.3,4.6,4.8,55.5,72.8,96.6,169.3,222.2,295.0
Thailand,4014.3,6066.6,6735.5,6783.7,7.5,9.7,10.5,11.0,4479.3,8502.5,8979.5,8625.0,8.7,15.5,15.8,16.0,0,1295.5,1403.8,1361.2,0,2.2,2.3,2.4,3973.5,4293.8,4353.4,655.0,707.8,717.6
Timor-Leste,30.0,46.3,59.1,89.8,7.5,8.6,9.4,9.9,37.1,55.0,69.3,98.8,8.5,8.9,9.3,9.5,0,13.2,16.8,24.3,0,2.2,2.4,2.4,14.8,18.7,27.1,320.9,405.0,585.3
Togo,81.2,75.4,102.2,158.7,3.3,2.1,2.2,2.3,327.1,394.5,509.6,787.8,11.8,11.3,11.5,11.9,0,191.9,261.2,404.8,0,4.8,4.7,4.7,15.5,20.3,30.8,205.3,269.7,408.2
Tokelau,0.1,0.0,0.0,0.0,11.5,0.0,0.0,0.0,0.1,0.0,0.0,0.0,9.6,0.0,0.0,0.0,0,0.0,0.0,0.0,0,0.0,0.0,0.0,0.0,0.0,0.0,0.0,0.0,0.0
Tonga,6.1,7.4,8.5,10.7,12.7,15.0,16.1,16.6,3.8,4.8,5.4,6.8,7.7,9.8,10.4,10.6,0,0.8,0.9,1.1,0,1.5,1.5,1.5,4.2,4.6,5.8,563.8,622.3,782.9
Trinidad and Tobago,117.5,148.9,166.8,177.6,12.7,12.7,14.4,15.4,103.1,59.5,66.0,69.2,11.1,5.3,5.9,6.2,0,73.6,79.5,80.7,0,6.8,7.2,7.4,180.1,188.4,184.5,1209.7,1265.5,1239.5
Tunisia,629.6,869.4,1016.0,1163.5,9.5,9.6,10.3,10.5,504.0,718.9,788.6,848.5,7.4,10.0,10.3,10.4,0,893.1,1023.2,1188.4,0,9.8,10.1,10.4,536.0,604.7,630.9,616.5,695.5,725.7
Turkey,3502.3,9020.9,10817.8,13386.3,7.9,14.5,16.2,17.0,3161.7,4323.0,4755.2,5335.9,6.9,7.9,8.1,8.3,0,1024.6,1242.3,1565.5,0,1.7,2.0,2.1,9426.0,10516.0,11731.3,1044.9,1165.7,1300.5
Turkmenistan,69.8,223.7,268.9,346.3,2.7,6.7,7.1,7.6,259.5,112.7,146.5,197.4,9.5,3.3,3.7,4.0,0,266.9,321.9,407.7,0,7.6,8.0,8.3,376.0,466.3,554.5,1681.1,2084.8,2479.0
Tuvalu,1.1,1.6,1.9,2.4,19.2,20.3,21.9,23.1,0.5,0.6,0.7,0.8,8.9,7.4,7.9,8.2,0,1.0,1.2,1.5,0,13.5,13.2,13.0,2.6,3.1,3.8,1650.4,1947.2,2378.6
US Virgin Islands,11.8,12.4,11.8,10.0,12.1,12.4,13.7,14.4,9.4,10.7,10.2,8.8,10.4,11.6,12.5,13.0,0,6.5,6.0,5.2,0,8.1,8.4,8.5,0.0,0.0,0.0,0.0,0.0,0.0
Uganda,307.9,716.0,1059.8,1902.8,2.8,4.6,4.6,4.6,1057.4,2429.5,3661.7,6886.5,8.6,19.2,21.2,22.5,0,380.1,557.6,983.9,0,2.2,2.1,2.2,162.8,234.3,390.0,227.4,327.2,544.6
Ukraine,1196.0,2325.0,2396.4,2215.9,2.9,5.6,6.4,6.8,3862.2,1082.3,1054.6,891.1,10.0,3.5,3.9,4.2,0,874.3,871.0,784.3,0,2.3,2.4,2.5,1454.1,1537.3,1319.8,625.4,661.2,567.7
United Arab Emirates,768.0,990.9,1177.5,1325.8,18.8,16.4,17.2,18.1,817.8,1230.3,1409.7,1489.0,16.3,18.3,19.3,19.7,0,979.8,1040.6,959.9,0,8.8,8.9,8.9,2090.4,2329.3,2080.0,2109.5,2350.6,2099.0
United Kingdom,3063.9,3996.3,4140.6,4408.1,5.2,6.3,7.0,7.5,4119.3,2967.6,3019.4,3202.4,7.4,5.3,5.5,5.7,0,2808.8,2936.8,3081.2,0,4.9,5.3,5.5,23415.4,23815.4,23949.2,5859.3,5959.4,5992.9
United Republic of Tanzania,472.9,2884.0,4209.4,7363.1,2.8,12.3,12.6,12.6,2170.3,3502.8,5079.4,9034.4,12.0,16.7,18.4,19.6,0,3383.4,4842.6,8143.1,0,13.1,13.0,13.0,431.9,610.1,1015.2,149.8,211.5,352.0
United States of America,23721.8,32215.3,34755.3,36289.9,9.4,10.7,12.1,12.9,25948.7,32019.0,34320.2,35690.8,10.6,11.7,12.6,13.1,0,20463.7,21282.2,22528.7,0,8.1,8.4,8.5,379470.2,388934.4,392537.4,11779.2,12073.0,12184.8
Uruguay,148.6,275.6,290.9,325.2,5.7,9.0,10.0,10.9,153.3,300.4,319.2,338.8,6.2,11.8,12.4,12.7,0,371.1,394.4,418.2,0,9.9,10.3,10.5,464.8,490.6,507.6,1686.3,1780.1,1841.5
Uzbekistan,812.9,1351.8,1704.2,2190.9,6.4,7.0,7.7,8.1,764.9,636.6,836.1,1149.8,5.9,3.3,3.7,3.9,0,879.4,1044.4,1192.4,0,4.3,4.6,4.7,277.6,347.4,394.6,205.3,257.0,291.9
Vanuatu,17.3,19.9,26.7,41.3,16.1,15.6,16.9,17.4,9.6,10.5,14.0,21.0,8.5,7.4,7.9,8.2,0,19.5,25.6,37.7,0,13.5,13.2,13.0,5.9,7.6,10.9,297.2,380.7,551.1
Venezuela (Bolivarian Republic of),1674.6,2280.0,3238.0,4079.3,10.2,9.6,11.9,12.7,1071.7,2140.4,2690.0,3184.9,6.3,10.8,11.4,11.7,0,2598.3,3268.7,3864.2,0,9.9,10.3,10.5,0.0,0.0,0.0,0.0,0.0,0.0
Viet Nam,1702.7,3994.1,4961.6,6015.3,3.2,6.1,6.7,7.1,5261.6,5898.8,6817.4,7723.1,9.4,8.9,9.3,9.5,0,1481.9,1735.0,1982.5,0,2.2,2.4,2.4,1670.0,2087.3,2353.2,418.1,522.6,589.2
Yemen,727.1,613.9,897.8,1507.1,9.6,5.4,5.7,5.7,639.3,1063.6,1448.2,2256.9,7.4,8.3,8.7,8.9,0,679.4,921.8,1422.5,0,5.1,5.3,5.3,0.0,0.0,0.0,0.0,0.0,0.0
Zambia,243.8,726.3,1098.2,2045.3,4.8,11.9,13.2,14.0,559.9,513.4,751.2,1296.3,10.9,6.9,7.2,7.4,0,825.3,1199.5,2056.5,0,10.6,10.8,10.8,242.9,344.1,581.5,334.4,473.7,800.7
Zimbabwe,550.9,106.4,142.7,231.5,9.8,2.1,2.2,2.3,351.5,408.3,538.9,818.4,5.5,6.4,6.6,6.7,0,541.8,711.5,1147.6,0,9.6,10.0,10.1,84.6,104.6,159.7,794.4,983.1,1500.4
